country,points
Austria,89.27674190382729
France,88.92586975068727
Germany,88.62642740619903
Italy,88.41366385552432
Portugal,88.05768508079669
Australia,87.89247528747227
US,87.81878936487331
New Zealand,87.55421686746988
South Africa,87.22542072630647
Israel,87.17619047619047
Spain,86.64658925979681
Chile,86.29676753782668
Greece,86.11764705882354
Argentina,85.9960930562955
